<?xml version="1.0" encoding="UTF-8"?>
<project-private xmlns="http://www.netbeans.org/ns/project-private/1">
    <editor-bookmarks xmlns="http://www.netbeans.org/ns/editor-bookmarks/2" lastBookmarkId="0"/>
    <open-files xmlns="http://www.netbeans.org/ns/projectui-open-files/2">
        <group>
            <file>file:/D:/Hoc_Tap/ki3/JAVA3/Code_Agile/src/Form/Trang_chu_ban_hang.java</file>
            <file>file:/D:/Hoc_Tap/ki3/JAVA3/Code_Agile/src/Class/TC_new.java</file>
            <file>file:/D:/Hoc_Tap/ki3/JAVA3/Code_Agile/src/Class/TC_hoadonchitiet.java</file>
            <file>file:/D:/Hoc_Tap/ki3/JAVA3/Code_Agile/src/Class/TC_add_hoadon.java</file>
            <file>file:/D:/Hoc_Tap/ki3/JAVA3/Code_Agile/src/Class/TC_new_KH.java</file>
            <file>file:/D:/Hoc_Tap/ki3/JAVA3/Code_Agile/src/Main/Main.java</file>
            <file>file:/D:/Hoc_Tap/ki3/JAVA3/Code_Agile/src/Class/TC_new_table2.java</file>
            <file>file:/D:/Hoc_Tap/ki3/JAVA3/Code_Agile/src/Class/list_dangnhap.java</file>
            <file>file:/D:/Hoc_Tap/ki3/JAVA3/Code_Agile/src/Form/dang_nhap.java</file>
        </group>
    </open-files>
</project-private>
